experiment,seed,macro_minADE_final,top1_ADE,top1_FDE,minADE,minFDE,Brier-minFDE,miss_rate_2m,parameters,vehicle_minADE,pedestrian_minADE,cyclist_minADE,minADE_3s,minADE_5s,minADE_final,turning_minADE,straight_minADE,interactive_minADE,intersection_minADE
A0,,2.871411686589702,4.725328072814718,12.21141529083252,4.725328072814718,12.21141529083252,12.21141529083252,0.8622999787330627,0,5.046605441427198,0.8452987330317439,2.7223308853101638,1.5368746263165587,3.484353003511384,4.725328072814718,7.5101714561712845,3.9181063149978845,4.707335166461038,4.856138949054569
A1,17,2.3116630313261157,3.385601613238255,8.759554862976074,3.385601613238255,8.759554862976074,8.759554862976074,0.8252000212669373,199545,3.590000068323055,0.8066782363742873,2.5383107892810037,1.0941243991474312,2.4856237850608824,3.385601613238255,5.1525598806062165,2.8674141848714796,3.3827321647246755,3.4516726407561658
A1,29,2.30827134516901,3.388265646003087,8.773167610168457,3.388265646003087,8.773167610168457,8.773167610168457,0.8281000256538391,199545,3.593139230588851,0.8070718650147876,2.524602939903392,1.0953176728995642,2.487515457179546,3.388265646003087,5.161672238692146,2.86835335130037,3.385808111210506,3.452284420267354
A1,43,2.3004101172494664,3.4038713287889957,8.818740844726562,3.4038713287889957,8.818740844726562,8.818740844726562,0.8267999887466431,199545,3.6107239593062035,0.8113823844178376,2.479124008024359,1.0978815045777957,2.4979907049064636,3.4038713287889957,5.214691326304409,2.8739988739441795,3.400636099583921,3.4659686927494366
A2,17,2.478785622651484,3.67055613626798,9.453137397766113,3.67055613626798,9.453137397766113,9.453137397766113,0.8382999897003174,68601,3.8894766086937436,0.9518634988112895,2.5950167604494188,1.2000757422745227,2.7018653179516794,3.67055613626798,6.09725784069571,2.964955042944486,3.6633623503230552,3.7661686474420484
A2,29,2.5074584182118103,3.909350772350629,9.911083221435547,3.909350772350629,9.911083221435547,9.911083221435547,0.8504999876022339,68601,4.157760435702491,0.8763292130392824,2.4882856058936587,1.304173949279785,2.9013180274081227,3.909350772350629,6.847982063841849,3.059084833099022,3.8932283900963673,4.029527323893276
A2,43,2.511183599840424,3.731584133123557,9.57762622833252,3.731584133123557,9.57762622833252,9.57762622833252,0.8406999707221985,68601,3.954101021038858,0.977700340492427,2.6017494379899864,1.2236504022816819,2.7517458594374657,3.731584133123557,6.330831293902861,2.975413837293448,3.7219211406935697,3.834007856564521
A3,17,2.240368309645712,3.314745571741263,8.596569061279297,3.314745571741263,8.596569061279297,8.596569061279297,0.8101000189781189,1115350,3.516658279859682,0.781310322917868,2.423136326159586,1.0774608981217941,2.4324720520200733,3.314745571741263,5.143275807825401,2.769049635443135,3.3105191006540435,3.3718357826391188
A3,29,2.229188898916075,3.31575394322753,8.604004859924316,3.31575394322753,8.604004859924316,8.604004859924316,0.8145999908447266,1115350,3.5173060130385703,0.8016045697304404,2.3686561139792146,1.0767494509291649,2.4328051034188274,3.31575394322753,5.114631013200145,2.782517642849957,3.3118485356891836,3.3746791179062816
A3,43,2.2350288997249295,3.326032784028053,8.629500389099121,3.326032784028053,8.629500389099121,8.629500389099121,0.817300021648407,1115350,3.5288415143529237,0.7937637799642664,2.382481404857599,1.0798304463710386,2.4403072992858883,3.326032784028053,5.148075603038476,2.7830214126230532,3.323189938200455,3.3836124900405964
A4,17,2.209086281292077,3.2178265178183714,8.264640808105469,3.2178265178183714,8.264640808105469,8.264640808105469,0.8098000288009644,1115350,3.4084090902875275,0.8209550845961578,2.3978946689925444,1.0737978014218807,2.3749815055675505,3.2178265178183714,4.937970296167946,2.7216422285836632,3.2141928795576393,3.278331203967672
A4,29,2.125429086380709,3.0910341386365894,7.961396217346191,3.0910341386365894,7.961396217346191,7.961396217346191,0.8015999794006348,1115350,3.27241472692532,0.8157205022385183,2.288152029978287,1.0342331885564329,2.2787160604505536,3.0910341386365894,4.728416065591288,2.617261563623009,3.087186187614622,3.163297147254196
A4,43,2.168876014173373,3.1439648130289717,8.089470863342285,3.1439648130289717,8.089470863342285,8.089470863342285,0.8022000193595886,1115350,3.328744608294437,0.8169983334843056,2.3608851007413776,1.0479100750813883,2.3185127450256346,3.1439648130289717,4.846518849355122,2.6456761406575615,3.1383820654957866,3.2104634855368492
A5,17,1.9945605905879633,2.958370540174643,7.578611850738525,2.958370540174643,7.578611850738525,7.578611850738525,0.7940000295639038,1115350,3.1343351924298775,0.7792878049371489,2.0700587743968635,1.003673329663277,2.1890453407444954,2.958370540174643,4.0266433583927626,2.6584323884232415,2.9648743207652735,2.9931386601653416
A5,29,1.9983646321333983,2.948204139670531,7.558877944946289,2.948204139670531,7.558877944946289,7.558877944946289,0.7961999773979187,1115350,3.1221062337006247,0.7918662153789519,2.0811214473206183,0.9990799949034055,2.180747659164429,2.948204139670531,4.039290035181526,2.6421963613150394,2.9557900396219017,2.9845217975016003
A5,43,1.9993670692766825,2.9591677862771353,7.585160732269287,2.9591677862771353,7.585160732269287,7.585160732269287,0.7921000123023987,1115350,3.1352349617920856,0.7740327058767406,2.0888335401612212,1.004279062460661,2.1895883972177503,2.9591677862771353,4.06574121765325,2.6522286685876515,2.9670549796446917,2.9940443195710595
A6,17,1.991754727385486,2.9245932088057205,7.467778205871582,2.9245932088057205,7.467778205871582,7.467778205871582,0.7904999852180481,1115350,3.096593242574313,0.7849215726087386,2.093749366973406,1.001358307697773,2.1681607448339464,2.9245932088057205,4.0460874282492645,2.614673049950705,2.932154512912872,2.9660377460278395
A6,29,1.9743711199387335,2.909993964099089,7.447285175323486,2.909993964099089,7.447285175323486,7.447285175323486,0.7892000079154968,1115350,3.0813531557015996,0.784844608394792,2.0569155957198095,0.9939253486688933,2.1554003663220405,2.909993964099089,4.071672991581655,2.585661515035635,2.917953491493254,2.958318226364581
A6,43,1.9777006400350927,2.8956702666187284,7.401968955993652,2.8956702666187284,7.401968955993652,7.401968955993652,0.7886999845504761,1115350,3.065642520605915,0.777173359606714,2.0902860398926486,0.9959049396733444,2.1469473244075776,2.8956702666187284,4.011115832907247,2.582265457297389,2.9038134072575246,2.9389132083010847
A7,17,1.1332291699253043,3.417923984379768,8.698719024658203,1.4844561422268552,3.4071781635284424,3.973056693501513,0.5490999817848206,1115350,1.5584145458693794,0.5122193315341571,1.3290536323723765,0.5369540933855375,1.1050438486533165,1.4844561422268552,2.6116608924458093,1.1480659823306805,1.4769512207620408,1.5353610018033763
A7,29,1.1668202299680681,3.388018067442576,8.61050796508789,1.5118065010182065,3.4099016189575195,3.9348674669979706,0.5784000158309937,1115350,1.5879106954125206,0.4941687752966508,1.4183812191950331,0.5611924418417613,1.1412025122861862,1.5118065010182065,2.5165241890031327,1.2097125498245016,1.5071399828216054,1.546815139760913
A7,43,1.1550622973359363,3.367211866022746,8.563007354736328,1.5031725706879298,3.393998384475708,3.92016800958773,0.5748999714851379,1115350,1.5775460741835283,0.5201550363365786,1.3674857814877022,0.5590834490519762,1.1340191560068131,1.5031725706879298,2.479501637284899,1.207840082598865,1.4974953535081064,1.5368022294456174
